{"cameraMode":{"drawMode":0,"name":"Shaded","section":"Shading Mode"},"sceneLighting":true,"audioPlay":false,"sceneViewState":{"showFog":true,"showMaterialUpdate":false,"showSkybox":true,"showFlares":true,"showImageEffects":true,"showParticleSystems":true,"showVisualEffectGraphs":true,"m_FxEnabled":true},"in2DMode":false,"pivot":{"x":113.2146224975586,"y":1.611032485961914,"z":331.2842712402344},"rotation":{"x":0.000010468385880813003,"y":-0.9999670386314392,"z":0.008717510849237442,"w":0.0011993945809081197},"size":0.8660253882408142,"orthographic":false}